{"mc":{
	"horse3":{
		"frameRate":24,
		"events":[
			
			],
		"frames":[
			
			{
			"res":"A725065B",
			"x":-134,
			"y":-85
			},
			{
			"res":"96835512",
			"x":-132,
			"y":-86
			},
			{
			"res":"B815E70B",
			"x":-130,
			"y":-86
			},
			{
			"res":"607080D8",
			"x":-116,
			"y":-85
			},
			{
			"res":"FBD71603",
			"x":-107,
			"y":-87
			},
			{
			"res":"6077B7C9",
			"x":-98,
			"y":-93
			},
			{
			"res":"43D285A4",
			"x":-103,
			"y":-98
			},
			{
			"res":"9B01781E",
			"x":-106,
			"y":-102
			},
			{
			"res":"CF01F8BA",
			"x":-103,
			"y":-103
			},
			{
			"res":"5F71753C",
			"x":-123,
			"y":-99
			},
			{
			"res":"926D1DCD",
			"x":-132,
			"y":-97
			},
			{
			"res":"E9A500AC",
			"x":-140,
			"y":-91
			},
			{
			"res":"EE50F8C7",
			"x":-140,
			"y":-86
			}
			]
}},
	"res":{
		"96835512":{"x":280,"y":188,"w":283,"h":187},
		"FBD71603":{"x":531,"y":562,"w":252,"h":188},
		"5F71753C":{"x":1,"y":196,"w":265,"h":195},
		"607080D8":{"x":268,"y":377,"w":261,"h":186},
		"CF01F8BA":{"x":1,"y":393,"w":240,"h":198},
		"B815E70B":{"x":565,"y":376,"w":278,"h":184},
		"9B01781E":{"x":1,"y":593,"w":239,"h":190},
		"EE50F8C7":{"x":569,"y":1,"w":285,"h":186},
		"43D285A4":{"x":484,"y":752,"w":241,"h":176},
		"E9A500AC":{"x":280,"y":1,"w":287,"h":185},
		"A725065B":{"x":565,"y":189,"w":284,"h":185},
		"6077B7C9":{"x":243,"y":565,"w":239,"h":192},
		"926D1DCD":{"x":1,"y":1,"w":277,"h":193}
	}}