{"mc":{
	"horse7":{
		"frameRate":24,
		"events":[
			
			],
		"frames":[
			
			{
			"res":"84D9079B",
			"x":-134,
			"y":-85
			},
			{
			"res":"6B47CC8C",
			"x":-132,
			"y":-86
			},
			{
			"res":"6405C3C5",
			"x":-130,
			"y":-86
			},
			{
			"res":"C93EE86F",
			"x":-116,
			"y":-85
			},
			{
			"res":"2CEECDA5",
			"x":-107,
			"y":-87
			},
			{
			"res":"EF09CAD",
			"x":-98,
			"y":-93
			},
			{
			"res":"18FC3BE0",
			"x":-103,
			"y":-98
			},
			{
			"res":"1652F966",
			"x":-106,
			"y":-102
			},
			{
			"res":"2DA81AD",
			"x":-103,
			"y":-103
			},
			{
			"res":"CD482170",
			"x":-123,
			"y":-99
			},
			{
			"res":"B51ED32C",
			"x":-132,
			"y":-97
			},
			{
			"res":"A3332636",
			"x":-140,
			"y":-91
			},
			{
			"res":"93E2E054",
			"x":-140,
			"y":-86
			}
			]
}},
	"res":{
		"B51ED32C":{"x":1,"y":1,"w":277,"h":193},
		"2CEECDA5":{"x":531,"y":562,"w":252,"h":188},
		"CD482170":{"x":1,"y":196,"w":265,"h":195},
		"C93EE86F":{"x":268,"y":377,"w":261,"h":186},
		"2DA81AD":{"x":1,"y":393,"w":240,"h":198},
		"6405C3C5":{"x":565,"y":376,"w":278,"h":184},
		"1652F966":{"x":1,"y":593,"w":239,"h":190},
		"93E2E054":{"x":569,"y":1,"w":285,"h":186},
		"6B47CC8C":{"x":280,"y":188,"w":283,"h":187},
		"18FC3BE0":{"x":484,"y":752,"w":241,"h":176},
		"A3332636":{"x":280,"y":1,"w":287,"h":185},
		"84D9079B":{"x":565,"y":189,"w":284,"h":185},
		"EF09CAD":{"x":243,"y":565,"w":239,"h":192}
	}}