{"mc":{
	"horse6":{
		"frameRate":24,
		"events":[
			
			],
		"frames":[
			
			{
			"res":"2CB7A7D4",
			"x":-134,
			"y":-85
			},
			{
			"res":"40643E2B",
			"x":-132,
			"y":-86
			},
			{
			"res":"79B96033",
			"x":-130,
			"y":-86
			},
			{
			"res":"EDD140C8",
			"x":-116,
			"y":-85
			},
			{
			"res":"D79C3FD5",
			"x":-107,
			"y":-87
			},
			{
			"res":"F85D4056",
			"x":-98,
			"y":-93
			},
			{
			"res":"DA35F00",
			"x":-103,
			"y":-98
			},
			{
			"res":"5575B2E2",
			"x":-106,
			"y":-102
			},
			{
			"res":"6D66D0CB",
			"x":-103,
			"y":-103
			},
			{
			"res":"5CBFEC9F",
			"x":-123,
			"y":-99
			},
			{
			"res":"10A9C20B",
			"x":-132,
			"y":-97
			},
			{
			"res":"67D51385",
			"x":-140,
			"y":-91
			},
			{
			"res":"C1CECAA6",
			"x":-140,
			"y":-86
			}
			]
}},
	"res":{
		"79B96033":{"x":565,"y":376,"w":278,"h":184},
		"5575B2E2":{"x":1,"y":593,"w":239,"h":190},
		"C1CECAA6":{"x":569,"y":1,"w":285,"h":186},
		"40643E2B":{"x":280,"y":188,"w":283,"h":187},
		"DA35F00":{"x":484,"y":752,"w":241,"h":176},
		"67D51385":{"x":280,"y":1,"w":287,"h":185},
		"2CB7A7D4":{"x":565,"y":189,"w":284,"h":185},
		"F85D4056":{"x":243,"y":565,"w":239,"h":192},
		"10A9C20B":{"x":1,"y":1,"w":277,"h":193},
		"D79C3FD5":{"x":531,"y":562,"w":252,"h":188},
		"5CBFEC9F":{"x":1,"y":196,"w":265,"h":195},
		"EDD140C8":{"x":268,"y":377,"w":261,"h":186},
		"6D66D0CB":{"x":1,"y":393,"w":240,"h":198}
	}}