{"mc":{
	"horse2":{
		"frameRate":24,
		"events":[
			
			],
		"frames":[
			
			{
			"res":"C335882E",
			"x":-134,
			"y":-85
			},
			{
			"res":"9743D9E4",
			"x":-132,
			"y":-86
			},
			{
			"res":"BF3D31F7",
			"x":-130,
			"y":-86
			},
			{
			"res":"8E0DFEB9",
			"x":-116,
			"y":-85
			},
			{
			"res":"2964053D",
			"x":-107,
			"y":-87
			},
			{
			"res":"EBE5C589",
			"x":-98,
			"y":-93
			},
			{
			"res":"69AF8930",
			"x":-103,
			"y":-98
			},
			{
			"res":"B43B0A3",
			"x":-106,
			"y":-102
			},
			{
			"res":"73422EFD",
			"x":-103,
			"y":-103
			},
			{
			"res":"F1027157",
			"x":-123,
			"y":-99
			},
			{
			"res":"C4D07231",
			"x":-132,
			"y":-97
			},
			{
			"res":"AED40B38",
			"x":-140,
			"y":-91
			},
			{
			"res":"7DA1AA60",
			"x":-140,
			"y":-86
			}
			]
}},
	"res":{
		"BF3D31F7":{"x":565,"y":376,"w":278,"h":184},
		"7DA1AA60":{"x":569,"y":1,"w":285,"h":186},
		"73422EFD":{"x":1,"y":393,"w":240,"h":198},
		"C4D07231":{"x":1,"y":1,"w":277,"h":193},
		"9743D9E4":{"x":280,"y":188,"w":283,"h":187},
		"F1027157":{"x":1,"y":196,"w":265,"h":195},
		"AED40B38":{"x":280,"y":1,"w":287,"h":185},
		"69AF8930":{"x":484,"y":752,"w":241,"h":176},
		"8E0DFEB9":{"x":268,"y":377,"w":261,"h":186},
		"C335882E":{"x":565,"y":189,"w":284,"h":185},
		"2964053D":{"x":531,"y":562,"w":252,"h":188},
		"EBE5C589":{"x":243,"y":565,"w":239,"h":192},
		"B43B0A3":{"x":1,"y":593,"w":239,"h":190}
	}}