{"mc":{
	"horse4":{
		"frameRate":24,
		"events":[
			
			],
		"frames":[
			
			{
			"res":"4ED3D2C4",
			"x":-134,
			"y":-85
			},
			{
			"res":"BA7687B0",
			"x":-132,
			"y":-86
			},
			{
			"res":"C4E24B71",
			"x":-130,
			"y":-86
			},
			{
			"res":"CBA71E8",
			"x":-116,
			"y":-85
			},
			{
			"res":"3D9AEDD",
			"x":-107,
			"y":-87
			},
			{
			"res":"62755E99",
			"x":-98,
			"y":-93
			},
			{
			"res":"7B7354F5",
			"x":-103,
			"y":-98
			},
			{
			"res":"4A19AFC8",
			"x":-106,
			"y":-102
			},
			{
			"res":"8CB6A506",
			"x":-103,
			"y":-103
			},
			{
			"res":"22709324",
			"x":-123,
			"y":-99
			},
			{
			"res":"2611E270",
			"x":-132,
			"y":-97
			},
			{
			"res":"98B6DD00",
			"x":-140,
			"y":-91
			},
			{
			"res":"F88F9FD0",
			"x":-140,
			"y":-86
			}
			]
}},
	"res":{
		"22709324":{"x":1,"y":196,"w":265,"h":195},
		"62755E99":{"x":243,"y":565,"w":239,"h":192},
		"CBA71E8":{"x":268,"y":377,"w":261,"h":186},
		"4A19AFC8":{"x":1,"y":593,"w":239,"h":190},
		"C4E24B71":{"x":565,"y":376,"w":278,"h":184},
		"3D9AEDD":{"x":531,"y":562,"w":252,"h":188},
		"8CB6A506":{"x":1,"y":393,"w":240,"h":198},
		"F88F9FD0":{"x":569,"y":1,"w":285,"h":186},
		"4ED3D2C4":{"x":565,"y":189,"w":284,"h":185},
		"2611E270":{"x":1,"y":1,"w":277,"h":193},
		"98B6DD00":{"x":280,"y":1,"w":287,"h":185},
		"7B7354F5":{"x":484,"y":752,"w":241,"h":176},
		"BA7687B0":{"x":280,"y":188,"w":283,"h":187}
	}}