{"mc":{
	"horse1":{
		"frameRate":24,
		"events":[
			
			],
		"frames":[
			
			{
			"res":"CE6F5AB0",
			"x":-134,
			"y":-85
			},
			{
			"res":"E0B7D651",
			"x":-132,
			"y":-86
			},
			{
			"res":"7C616DF7",
			"x":-130,
			"y":-86
			},
			{
			"res":"12926F0B",
			"x":-116,
			"y":-85
			},
			{
			"res":"3866CE85",
			"x":-107,
			"y":-87
			},
			{
			"res":"6554A827",
			"x":-98,
			"y":-93
			},
			{
			"res":"41667F4C",
			"x":-103,
			"y":-98
			},
			{
			"res":"D1083D9C",
			"x":-106,
			"y":-102
			},
			{
			"res":"FC6E62E6",
			"x":-103,
			"y":-103
			},
			{
			"res":"2CAEA4EF",
			"x":-123,
			"y":-99
			},
			{
			"res":"F71074A9",
			"x":-132,
			"y":-97
			},
			{
			"res":"16698DE6",
			"x":-140,
			"y":-91
			},
			{
			"res":"76E7DED0",
			"x":-140,
			"y":-86
			}
			]
}},
	"res":{
		"CE6F5AB0":{"x":565,"y":189,"w":284,"h":185},
		"D1083D9C":{"x":1,"y":593,"w":239,"h":190},
		"6554A827":{"x":243,"y":565,"w":239,"h":192},
		"12926F0B":{"x":268,"y":377,"w":261,"h":186},
		"76E7DED0":{"x":569,"y":1,"w":285,"h":186},
		"FC6E62E6":{"x":1,"y":393,"w":240,"h":198},
		"7C616DF7":{"x":565,"y":376,"w":278,"h":184},
		"E0B7D651":{"x":280,"y":188,"w":283,"h":187},
		"F71074A9":{"x":1,"y":1,"w":277,"h":193},
		"3866CE85":{"x":531,"y":562,"w":252,"h":188},
		"16698DE6":{"x":280,"y":1,"w":287,"h":185},
		"41667F4C":{"x":484,"y":752,"w":241,"h":176},
		"2CAEA4EF":{"x":1,"y":196,"w":265,"h":195}
	}}