{"mc":{
	"horse5":{
		"frameRate":24,
		"events":[
			
			],
		"frames":[
			
			{
			"res":"177E3FE3",
			"x":-134,
			"y":-85
			},
			{
			"res":"DA0C58FC",
			"x":-132,
			"y":-86
			},
			{
			"res":"4F160A81",
			"x":-130,
			"y":-86
			},
			{
			"res":"57FC4E73",
			"x":-116,
			"y":-85
			},
			{
			"res":"DB97E092",
			"x":-107,
			"y":-87
			},
			{
			"res":"6DD42755",
			"x":-98,
			"y":-93
			},
			{
			"res":"131DD0AB",
			"x":-103,
			"y":-98
			},
			{
			"res":"A7EB60C5",
			"x":-106,
			"y":-102
			},
			{
			"res":"309B3846",
			"x":-103,
			"y":-103
			},
			{
			"res":"C75D360",
			"x":-123,
			"y":-99
			},
			{
			"res":"5A7ECA6D",
			"x":-132,
			"y":-97
			},
			{
			"res":"7FD8A540",
			"x":-140,
			"y":-91
			},
			{
			"res":"63E2557A",
			"x":-140,
			"y":-86
			}
			]
}},
	"res":{
		"A7EB60C5":{"x":1,"y":593,"w":239,"h":190},
		"57FC4E73":{"x":268,"y":377,"w":261,"h":186},
		"309B3846":{"x":1,"y":393,"w":240,"h":198},
		"7FD8A540":{"x":280,"y":1,"w":287,"h":185},
		"63E2557A":{"x":569,"y":1,"w":285,"h":186},
		"4F160A81":{"x":565,"y":376,"w":278,"h":184},
		"6DD42755":{"x":243,"y":565,"w":239,"h":192},
		"DA0C58FC":{"x":280,"y":188,"w":283,"h":187},
		"131DD0AB":{"x":484,"y":752,"w":241,"h":176},
		"C75D360":{"x":1,"y":196,"w":265,"h":195},
		"177E3FE3":{"x":565,"y":189,"w":284,"h":185},
		"5A7ECA6D":{"x":1,"y":1,"w":277,"h":193},
		"DB97E092":{"x":531,"y":562,"w":252,"h":188}
	}}