{"mc":{
	"horse8":{
		"frameRate":24,
		"events":[
			
			],
		"frames":[
			
			{
			"res":"F45CE857",
			"x":-134,
			"y":-85
			},
			{
			"res":"7BD9FBB6",
			"x":-132,
			"y":-86
			},
			{
			"res":"245DF551",
			"x":-130,
			"y":-86
			},
			{
			"res":"A71A4512",
			"x":-116,
			"y":-85
			},
			{
			"res":"3A5166AF",
			"x":-107,
			"y":-87
			},
			{
			"res":"29A7BDE5",
			"x":-98,
			"y":-93
			},
			{
			"res":"FF842373",
			"x":-103,
			"y":-98
			},
			{
			"res":"49C76A21",
			"x":-106,
			"y":-102
			},
			{
			"res":"749E2611",
			"x":-103,
			"y":-103
			},
			{
			"res":"545CAFEC",
			"x":-123,
			"y":-99
			},
			{
			"res":"C8E6A906",
			"x":-132,
			"y":-97
			},
			{
			"res":"6506370",
			"x":-140,
			"y":-91
			},
			{
			"res":"362DFFD4",
			"x":-140,
			"y":-86
			}
			]
}},
	"res":{
		"6506370":{"x":280,"y":1,"w":287,"h":185},
		"A71A4512":{"x":268,"y":377,"w":261,"h":186},
		"749E2611":{"x":1,"y":393,"w":240,"h":198},
		"245DF551":{"x":565,"y":376,"w":278,"h":184},
		"49C76A21":{"x":1,"y":593,"w":239,"h":190},
		"362DFFD4":{"x":569,"y":1,"w":285,"h":186},
		"7BD9FBB6":{"x":280,"y":188,"w":283,"h":187},
		"FF842373":{"x":484,"y":752,"w":241,"h":176},
		"F45CE857":{"x":565,"y":189,"w":284,"h":185},
		"29A7BDE5":{"x":243,"y":565,"w":239,"h":192},
		"C8E6A906":{"x":1,"y":1,"w":277,"h":193},
		"3A5166AF":{"x":531,"y":562,"w":252,"h":188},
		"545CAFEC":{"x":1,"y":196,"w":265,"h":195}
	}}