{"mc":{
	"horse9":{
		"frameRate":24,
		"events":[
			
			],
		"frames":[
			
			{
			"res":"5F92F96D",
			"x":-134,
			"y":-85
			},
			{
			"res":"DD40922F",
			"x":-132,
			"y":-86
			},
			{
			"res":"C3A1D8E",
			"x":-130,
			"y":-86
			},
			{
			"res":"490F83EE",
			"x":-116,
			"y":-85
			},
			{
			"res":"AA7A562F",
			"x":-107,
			"y":-87
			},
			{
			"res":"A8E6ED20",
			"x":-98,
			"y":-93
			},
			{
			"res":"1C2AAE4E",
			"x":-103,
			"y":-98
			},
			{
			"res":"D83463BF",
			"x":-106,
			"y":-102
			},
			{
			"res":"BCC8FF11",
			"x":-103,
			"y":-103
			},
			{
			"res":"39BBDBE7",
			"x":-123,
			"y":-99
			},
			{
			"res":"273BD57F",
			"x":-132,
			"y":-97
			},
			{
			"res":"CCAF5AD",
			"x":-140,
			"y":-91
			},
			{
			"res":"9B506CC5",
			"x":-140,
			"y":-86
			}
			]
}},
	"res":{
		"A8E6ED20":{"x":243,"y":565,"w":239,"h":192},
		"DD40922F":{"x":280,"y":188,"w":283,"h":187},
		"273BD57F":{"x":1,"y":1,"w":277,"h":193},
		"5F92F96D":{"x":565,"y":189,"w":284,"h":185},
		"39BBDBE7":{"x":1,"y":196,"w":265,"h":195},
		"9B506CC5":{"x":569,"y":1,"w":285,"h":186},
		"BCC8FF11":{"x":1,"y":393,"w":240,"h":198},
		"AA7A562F":{"x":531,"y":562,"w":252,"h":188},
		"D83463BF":{"x":1,"y":593,"w":239,"h":190},
		"490F83EE":{"x":268,"y":377,"w":261,"h":186},
		"CCAF5AD":{"x":280,"y":1,"w":287,"h":185},
		"C3A1D8E":{"x":565,"y":376,"w":278,"h":184},
		"1C2AAE4E":{"x":484,"y":752,"w":241,"h":176}
	}}