{"mc":{
	"horse10":{
		"frameRate":24,
		"events":[
			
			],
		"frames":[
			
			{
			"res":"9FB9C7A4",
			"x":-134,
			"y":-85
			},
			{
			"res":"1CEFEE29",
			"x":-132,
			"y":-86
			},
			{
			"res":"EC85A3AE",
			"x":-130,
			"y":-86
			},
			{
			"res":"E2AFB714",
			"x":-116,
			"y":-85
			},
			{
			"res":"93F29E5D",
			"x":-107,
			"y":-87
			},
			{
			"res":"E3340E5C",
			"x":-98,
			"y":-93
			},
			{
			"res":"98DDD9C8",
			"x":-103,
			"y":-98
			},
			{
			"res":"279C43CE",
			"x":-106,
			"y":-102
			},
			{
			"res":"FF006AB4",
			"x":-103,
			"y":-103
			},
			{
			"res":"4F97E72F",
			"x":-123,
			"y":-99
			},
			{
			"res":"56131729",
			"x":-132,
			"y":-97
			},
			{
			"res":"D7E7970F",
			"x":-140,
			"y":-91
			},
			{
			"res":"6B575AE0",
			"x":-140,
			"y":-86
			}
			]
}},
	"res":{
		"56131729":{"x":1,"y":1,"w":277,"h":193},
		"E3340E5C":{"x":243,"y":565,"w":239,"h":192},
		"E2AFB714":{"x":268,"y":377,"w":261,"h":186},
		"D7E7970F":{"x":280,"y":1,"w":287,"h":185},
		"9FB9C7A4":{"x":565,"y":189,"w":284,"h":185},
		"1CEFEE29":{"x":280,"y":188,"w":283,"h":187},
		"98DDD9C8":{"x":484,"y":752,"w":241,"h":176},
		"279C43CE":{"x":1,"y":593,"w":239,"h":190},
		"6B575AE0":{"x":569,"y":1,"w":285,"h":186},
		"4F97E72F":{"x":1,"y":196,"w":265,"h":195},
		"EC85A3AE":{"x":565,"y":376,"w":278,"h":184},
		"93F29E5D":{"x":531,"y":562,"w":252,"h":188},
		"FF006AB4":{"x":1,"y":393,"w":240,"h":198}
	}}