{"mc":{
	"man1":{
		"frameRate":24,
		"events":[
			
			],
		"frames":[
			
			{
			"res":"ABDAD6F2",
			"x":6,
			"y":5
			},
			{
			"res":"C99B6BB5",
			"x":5,
			"y":6
			},
			{
			"res":"CC57D48D",
			"x":4,
			"y":6
			},
			{
			"res":"B7A7353F",
			"x":6,
			"y":5
			},
			{
			"res":"97ABEB5B",
			"x":4,
			"y":6
			},
			{
			"res":"22666FB",
			"x":5,
			"y":4
			},
			{
			"res":"FBBEA743",
			"x":4,
			"y":5
			},
			{
			"res":"AA281CF0",
			"x":6,
			"y":5
			},
			{
			"res":"67D15CF0",
			"x":6,
			"y":5
			},
			{
			"res":"28549207",
			"x":4,
			"y":4
			},
			{
			"res":"94593359",
			"x":6,
			"y":4
			},
			{
			"res":"90BEB092",
			"x":6,
			"y":5
			},
			{
			"res":"E5C8C74F",
			"x":6,
			"y":4
			},
			{
			"res":"6A16593C",
			"x":5,
			"y":4
			},
			{
			"res":"E5485D55",
			"x":5,
			"y":6
			},
			{
			"res":"A737841C",
			"x":6,
			"y":6
			},
			{
			"res":"CD819CCF",
			"x":6,
			"y":4
			},
			{
			"res":"90A11B9D",
			"x":4,
			"y":4
			},
			{
			"res":"7EA9342D",
			"x":5,
			"y":4
			},
			{
			"res":"40CCA47C",
			"x":5,
			"y":6
			},
			{
			"res":"DF9CFF4D",
			"x":6,
			"y":5
			},
			{
			"res":"C8D58581",
			"x":6,
			"y":4
			},
			{
			"res":"BAF1E671",
			"x":5,
			"y":6
			},
			{
			"res":"53E982F8",
			"x":5,
			"y":4
			},
			{
			"res":"5C268A50",
			"x":5,
			"y":4
			},
			{
			"res":"708241A7",
			"x":5,
			"y":5
			},
			{
			"res":"E6DFC8C2",
			"x":5,
			"y":5
			},
			{
			"res":"C0078C00",
			"x":6,
			"y":5
			},
			{
			"res":"9B88319D",
			"x":6,
			"y":5
			},
			{
			"res":"5BA656FC",
			"x":6,
			"y":5
			},
			{
			"res":"CDFF3512",
			"x":5,
			"y":5
			},
			{
			"res":"B4EB1D3E",
			"x":5,
			"y":6
			},
			{
			"res":"643BE26",
			"x":6,
			"y":5
			},
			{
			"res":"10DBEF38",
			"x":6,
			"y":4
			},
			{
			"res":"C52E4E7E",
			"x":4,
			"y":5
			},
			{
			"res":"EBDF2FA2",
			"x":6,
			"y":4
			},
			{
			"res":"8DEF60C",
			"x":4,
			"y":5
			},
			{
			"res":"33F2AE9A",
			"x":5,
			"y":5
			},
			{
			"res":"8F2E932D",
			"x":6,
			"y":4
			},
			{
			"res":"12A1A1B0",
			"x":4,
			"y":5
			},
			{
			"res":"922632C8",
			"x":6,
			"y":5
			},
			{
			"res":"1B0EF5D0",
			"x":5,
			"y":5
			},
			{
			"res":"57C801E7",
			"x":5,
			"y":5
			},
			{
			"res":"95657786",
			"x":5,
			"y":5
			},
			{
			"res":"7D56E742",
			"x":6,
			"y":4
			}
			]
}},
	"res":{
		"95657786":{"x":668,"y":981,"w":134,"h":214},
		"94593359":{"x":355,"y":1,"w":160,"h":275},
		"28549207":{"x":351,"y":513,"w":175,"h":199},
		"BAF1E671":{"x":487,"y":1448,"w":161,"h":144},
		"A737841C":{"x":645,"y":1197,"w":136,"h":184},
		"8F2E932D":{"x":514,"y":899,"w":152,"h":199},
		"B7A7353F":{"x":783,"y":1305,"w":148,"h":162},
		"22666FB":{"x":1,"y":726,"w":190,"h":175},
		"5C268A50":{"x":804,"y":1160,"w":182,"h":143},
		"5BA656FC":{"x":679,"y":1,"w":184,"h":233},
		"C52E4E7E":{"x":1,"y":903,"w":183,"h":162},
		"9B88319D":{"x":192,"y":278,"w":176,"h":233},
		"CC57D48D":{"x":1,"y":1435,"w":147,"h":160},
		"53E982F8":{"x":1,"y":1290,"w":177,"h":143},
		"AA281CF0":{"x":804,"y":984,"w":164,"h":174},
		"E5C8C74F":{"x":181,"y":1,"w":172,"h":263},
		"40CCA47C":{"x":150,"y":1503,"w":130,"h":156},
		"643BE26":{"x":548,"y":471,"w":192,"h":213},
		"ABDAD6F2":{"x":491,"y":1100,"w":141,"h":201},
		"CDFF3512":{"x":679,"y":236,"w":181,"h":233},
		"DF9CFF4D":{"x":329,"y":1448,"w":156,"h":149},
		"708241A7":{"x":750,"y":1469,"w":170,"h":125},
		"12A1A1B0":{"x":167,"y":1107,"w":155,"h":181},
		"67D15CF0":{"x":1,"y":1067,"w":164,"h":173},
		"57C801E7":{"x":886,"y":501,"w":134,"h":214},
		"EBDF2FA2":{"x":862,"y":236,"w":160,"h":263},
		"B4EB1D3E":{"x":1,"y":266,"w":189,"h":220},
		"C99B6BB5":{"x":324,"y":1143,"w":141,"h":196},
		"E5485D55":{"x":1,"y":488,"w":166,"h":236},
		"C0078C00":{"x":370,"y":278,"w":176,"h":233},
		"8DEF60C":{"x":865,"y":1,"w":155,"h":218},
		"6A16593C":{"x":1,"y":1,"w":178,"h":263},
		"10DBEF38":{"x":169,"y":513,"w":180,"h":203},
		"C8D58581":{"x":467,"y":1303,"w":176,"h":143},
		"FBBEA743":{"x":186,"y":931,"w":167,"h":174},
		"90BEB092":{"x":517,"y":1,"w":160,"h":269},
		"922632C8":{"x":853,"y":777,"w":152,"h":205},
		"E6DFC8C2":{"x":650,"y":1383,"w":98,"h":234},
		"7EA9342D":{"x":351,"y":714,"w":161,"h":211},
		"1B0EF5D0":{"x":742,"y":501,"w":142,"h":274},
		"90A11B9D":{"x":528,"y":686,"w":163,"h":211},
		"97ABEB5B":{"x":180,"y":1341,"w":147,"h":160},
		"33F2AE9A":{"x":693,"y":777,"w":158,"h":202},
		"7D56E742":{"x":355,"y":927,"w":134,"h":214},
		"CD819CCF":{"x":193,"y":718,"w":156,"h":211}
	}}