{"file":"number.png","frames":{
"num10":{"x":125,"y":63,"w":60,"h":60,"offX":0,"offY":0,"sourceW":60,"sourceH":60},
"num1":{"x":1,"y":1,"w":60,"h":60,"offX":0,"offY":0,"sourceW":60,"sourceH":60},
"num2":{"x":63,"y":125,"w":60,"h":60,"offX":0,"offY":0,"sourceW":60,"sourceH":60},
"num3":{"x":1,"y":63,"w":60,"h":60,"offX":0,"offY":0,"sourceW":60,"sourceH":60},
"num4":{"x":187,"y":63,"w":60,"h":60,"offX":0,"offY":0,"sourceW":60,"sourceH":60},
"num5":{"x":63,"y":63,"w":60,"h":60,"offX":0,"offY":0,"sourceW":60,"sourceH":60},
"num6":{"x":1,"y":125,"w":60,"h":60,"offX":0,"offY":0,"sourceW":60,"sourceH":60},
"num7":{"x":187,"y":1,"w":60,"h":60,"offX":0,"offY":0,"sourceW":60,"sourceH":60},
"num8":{"x":125,"y":1,"w":60,"h":60,"offX":0,"offY":0,"sourceW":60,"sourceH":60},
"num9":{"x":63,"y":1,"w":60,"h":60,"offX":0,"offY":0,"sourceW":60,"sourceH":60}}}