{
	"groups":[
	{
		"keys":"man1_json,man1,ground,number,horse1_json,horse1_png,horse2_json,horse2_png,horse3_json,horse3_png,horse4_json,horse4_png,horse5_json,horse5_png,horse6_json,horse6_png,horse7_json,horse7_png,horse8_json,horse8_png,horse9_json,horse9_png,horse10_json,horse10_png,resultBG",
		"name":"preload"
	}],
	"resources":[
	{
		"name":"man1_json",
		"type":"json",
		"url":"assets/images/man1.json"
	},
	{
		"name":"man1",
		"type":"image",
		"url":"assets/images/man1.png"
	},
	{
		"name":"ground",
		"type":"image",
		"url":"assets/images/ground.jpg"
	},
	{
		"name":"number",
		"subkeys":"num10,num4,num5,num8,num1,num3,num7,num9,num2,num6",
		"type":"sheet",
		"url":"assets/images/number.json"
	},
	{
		"name":"horse1_json",
		"type":"json",
		"url":"assets/images/horse1.json"
	},
	{
		"name":"horse1_png",
		"type":"image",
		"url":"assets/images/horse1.png"
	},
	{
		"name":"horse2_json",
		"type":"json",
		"url":"assets/images/horse2.json"
	},
	{
		"name":"horse2_png",
		"type":"image",
		"url":"assets/images/horse2.png"
	},
	{
		"name":"horse3_json",
		"type":"json",
		"url":"assets/images/horse3.json"
	},
	{
		"name":"horse3_png",
		"type":"image",
		"url":"assets/images/horse3.png"
	},
	{
		"name":"horse4_json",
		"type":"json",
		"url":"assets/images/horse4.json"
	},
	{
		"name":"horse4_png",
		"type":"image",
		"url":"assets/images/horse4.png"
	},
	{
		"name":"horse5_json",
		"type":"json",
		"url":"assets/images/horse5.json"
	},
	{
		"name":"horse5_png",
		"type":"image",
		"url":"assets/images/horse5.png"
	},
	{
		"name":"horse6_json",
		"type":"json",
		"url":"assets/images/horse6.json"
	},
	{
		"name":"horse6_png",
		"type":"image",
		"url":"assets/images/horse6.png"
	},
	{
		"name":"horse7_json",
		"type":"json",
		"url":"assets/images/horse7.json"
	},
	{
		"name":"horse7_png",
		"type":"image",
		"url":"assets/images/horse7.png"
	},
	{
		"name":"horse8_json",
		"type":"json",
		"url":"assets/images/horse8.json"
	},
	{
		"name":"horse8_png",
		"type":"image",
		"url":"assets/images/horse8.png"
	},
	{
		"name":"horse9_json",
		"type":"json",
		"url":"assets/images/horse9.json"
	},
	{
		"name":"horse9_png",
		"type":"image",
		"url":"assets/images/horse9.png"
	},
	{
		"name":"horse10_json",
		"type":"json",
		"url":"assets/images/horse10.json"
	},
	{
		"name":"horse10_png",
		"type":"image",
		"url":"assets/images/horse10.png"
	},
	{
		"name":"resultBG",
		"type":"image",
		"url":"assets/images/resultBG.jpg"
	}]
}